pdb_id,model_number,seed,plddt,cdr1a_plddt,cdr1b_plddt,cdr2a_plddt,cdr2b_plddt,cdr3a_plddt,cdr3b_plddt,iptm_mean,iptm_tcrpmhc,pdockq,avgipde_a,avgipde_b,avgipae_a,avgipae_b,pdockq2_a,pdockq2_b,has_contacts,ipsae,ipsae_d0chn,ipsae_d0dom,iptm_d0chn,lis,ranking_score,pdb_url
1nam,4,1124868266,91.51492037566354,85.78779661016948,90.07482142857144,88.68042857142858,90.18409090909093,79.59206896551724,90.8516037735849,0.768,0.7675000000000001,0.41,0.64325,0.6432499999999999,0.8656003864703754,0.7458877188114507,0.5565511269303961,0.1476387932064286,True,0.536482,0.745939,0.73531925,0.745939,0.5063,0.8417766015558914,https://huggingface.co/datasets/Alexasparis/sTCRdb/resolve/main/1nam_4.pdb
1nam,3,1124868266,92.14826051449572,86.83966101694915,91.11285714285714,88.89657142857143,91.17295454545454,81.01827586206896,91.98075471698114,0.792,0.8,0.387,0.6625,0.6625,0.9142316404671345,0.824433338563185,0.6848955493321223,0.2588211402994262,True,0.584499,0.789199,0.78167275,0.789199,0.537175,0.8673896928059766,https://huggingface.co/datasets/Alexasparis/sTCRdb/resolve/main/1nam_3.pdb
1nam,2,1124868266,92.22963113918892,87.56491525423728,91.30982142857144,89.53828571428572,91.2081818181818,83.55017241379312,91.53047169811322,0.7939999999999999,0.805,0.432,0.7040000000000002,0.7040000000000001,0.940057598262383,0.8725969243921525,0.7611825058520357,0.3938320473508167,True,0.59510825,0.79547125,0.788084,0.79547125,0.54635,0.8701811419161254,https://huggingface.co/datasets/Alexasparis/sTCRdb/resolve/main/1nam_2.pdb
1nam,0,1124868266,91.9623395149786,85.31271186440678,91.28321428571428,87.99300000000001,90.80704545454545,79.71344827586208,91.4808490566038,0.782,0.785,0.422,0.6672972972972975,0.6672972972972974,0.9159506717111748,0.8337370392056391,0.6834138518331271,0.2722558897177996,True,0.566574,0.7734735,0.7648785,0.7734735,0.5265,0.8602362943033429,https://huggingface.co/datasets/Alexasparis/sTCRdb/resolve/main/1nam_0.pdb
1nam,1,1124868266,91.83695944568984,86.08457627118645,89.82124999999999,89.06885714285715,89.77727272727272,81.6306896551724,90.00113207547169,0.772,0.77,0.389,0.6803571428571429,0.6803571428571429,0.8916090943497984,0.7716691507744663,0.6194177927761777,0.1812750939173148,True,0.5440255,0.754321,0.7451995,0.754321,0.5117,0.8484694972016436,https://huggingface.co/datasets/Alexasparis/sTCRdb/resolve/main/1nam_1.pdb
1fo0,1,1428996118,93.38221542227662,87.88576271186443,94.81946428571428,92.06428571428572,94.17704545454544,74.92310344827584,95.92150943396229,0.8379999999999999,0.8674999999999999,0.386,0.866153846153846,0.8661538461538462,0.9288352578281668,0.850082047717615,0.7600172311093593,0.3433077313632353,True,0.7101095,0.87381225,0.869237,0.87381225,0.6193,0.9129866579785132,https://huggingface.co/datasets/Alexasparis/sTCRdb/resolve/main/1fo0_1.pdb
1fo0,0,1428996118,93.4397552019584,88.21627118644068,94.6969642857143,91.74271428571429,94.18113636363636,78.37206896551724,95.58386792452832,0.8320000000000001,0.8574999999999999,0.453,0.6761111111111111,0.676111111111111,0.9197711276539836,0.8127331456830675,0.7415964107373118,0.262374787851475,True,0.69944825,0.86131225,0.8571807499999999,0.86131225,0.6124,0.9072567221208984,https://huggingface.co/datasets/Alexasparis/sTCRdb/resolve/main/1fo0_0.pdb
1fo0,2,1428996118,93.29743982048144,87.12983050847457,94.37428571428572,91.54085714285716,93.6411363636364,74.49586206896551,95.19537735849056,0.8300000000000001,0.8525,0.43,0.7340625,0.7340625000000001,0.8868063210724692,0.7890066212320552,0.6462983544503814,0.1951559637448773,True,0.68809125,0.8568335,0.85275725,0.8568335,0.60565,0.9038543957470464,https://huggingface.co/datasets/Alexasparis/sTCRdb/resolve/main/1fo0_2.pdb
1fo0,4,1428996118,93.36282129742962,87.64016949152543,94.57607142857144,91.20985714285716,94.08136363636363,78.40551724137931,95.52462264150944,0.8320000000000001,0.8575,0.388,0.7041379310344825,0.7041379310344825,0.9163357849811868,0.8016745953671173,0.7269129218139572,0.250774397972035,True,0.6963785,0.8600632500000001,0.85568075,0.8600632500000001,0.610175,0.9080116161058206,https://huggingface.co/datasets/Alexasparis/sTCRdb/resolve/main/1fo0_4.pdb
1fo0,3,1428996118,93.10021827825378,86.74830508474578,94.27982142857142,91.441,93.65727272727273,75.25482758620689,95.26783018867924,0.8220000000000001,0.85,0.407,0.7322857142857142,0.7322857142857142,0.8930334236046876,0.7852590683196213,0.6620271603628073,0.2057536629663485,True,0.68430225,0.855646,0.85109225,0.855646,0.600975,0.9004140215291352,https://huggingface.co/datasets/Alexasparis/sTCRdb/resolve/main/1fo0_3.pdb
1kj2,2,2126328852,93.54163244561904,92.16692307692308,90.3192857142857,89.90272727272725,94.49954545454548,93.15323232323232,91.4812,0.82,0.83,0.404,0.6730555555555555,0.6730555555555555,0.879203261295814,0.8048279557544854,0.6047667325129206,0.2511116943444049,True,0.6437145,0.8233170000000001,0.8163225000000001,0.8233170000000001,0.58845,0.8903256499371223,https://huggingface.co/datasets/Alexasparis/sTCRdb/resolve/main/1kj2_2.pdb
1kj2,4,2126328852,93.84339296605,94.27384615384616,91.47642857142856,91.24236363636363,94.93886363636362,94.53888888888888,93.0846,0.836,0.85,0.454,0.7205882352941176,0.7205882352941176,0.9397436875193896,0.89775352196801,0.77681603240642,0.5423170244201799,True,0.6770895,0.85129175,0.8464895,0.85129175,0.6113999999999999,0.9019873762852768,https://huggingface.co/datasets/Alexasparis/sTCRdb/resolve/main/1kj2_4.pdb
1kj2,3,2126328852,93.70179304736736,93.52019230769233,90.68160714285716,90.3730909090909,94.47477272727272,93.89494949494949,92.31820000000002,0.8220000000000001,0.835,0.453,0.7251612903225807,0.7251612903225808,0.9246302033611196,0.8704735318888848,0.7250601335093287,0.4472791431733497,True,0.6461815,0.82716775,0.82102725,0.82716775,0.591175,0.8917903225862068,https://huggingface.co/datasets/Alexasparis/sTCRdb/resolve/main/1kj2_3.pdb
1kj2,1,2126328852,93.74113844277292,93.5232692307692,90.56785714285714,90.1889090909091,94.72954545454546,94.04040404040404,92.4434,0.8320000000000001,0.845,0.476,0.6891428571428572,0.6891428571428571,0.915135246094127,0.8569781522506928,0.7044371019870408,0.3886554461594108,True,0.66904,0.84338675,0.837025,0.84338675,0.6043000000000001,0.8974650657958272,https://huggingface.co/datasets/Alexasparis/sTCRdb/resolve/main/1kj2_1.pdb
1kj2,0,2126328852,93.62793657247408,93.16653846153848,90.75,90.0661818181818,94.62909090909092,93.86515151515152,92.0686,0.826,0.84,0.406,0.7303225806451615,0.7303225806451615,0.9251486241167396,0.8766664601103443,0.7297377183810734,0.455916029465885,True,0.6581615000000001,0.83650225,0.8299957499999999,0.83650225,0.5979,0.8954722039926114,https://huggingface.co/datasets/Alexasparis/sTCRdb/resolve/main/1kj2_0.pdb
1ao7,1,2308868090,92.84323339317774,94.485,95.25787234042554,94.55478260869565,95.98088235294118,95.97168316831684,91.17,0.85,0.8675,0.608,0.8029090909090911,0.8029090909090908,0.9815337702855907,0.9666043936498396,0.9267604887524904,0.8704123441627024,True,0.736364,0.88712625,0.8628395,0.86900425,0.629325,0.8674482621314953,https://huggingface.co/datasets/Alexasparis/sTCRdb/resolve/main/1ao7_1.pdb
1ao7,0,2308868090,92.78597486535008,94.74636363636364,95.28957446808514,94.43608695652172,96.03235294117648,96.0278217821782,91.04214285714286,0.8539999999999999,0.8725,0.604,0.7846296296296299,0.7846296296296297,0.9817242803198952,0.9649728023942196,0.9273365340420784,0.8639143286084883,True,0.7466675,0.889667,0.8648675,0.87299225,0.637,0.8722612989261013,https://huggingface.co/datasets/Alexasparis/sTCRdb/resolve/main/1ao7_0.pdb
1ao7,2,2308868090,92.67666786355475,94.57386363636364,95.17425531914893,94.56086956521736,95.9085294117647,95.9547524752475,90.59059523809525,0.8460000000000001,0.8675,0.607,0.7996296296296298,0.7996296296296296,0.9811470582034068,0.9660293075255608,0.9250163057259456,0.8676496278463252,True,0.73707675,0.88569525,0.86080125,0.8676465,0.629275,0.8666369027962925,https://huggingface.co/datasets/Alexasparis/sTCRdb/resolve/main/1ao7_2.pdb
1ao7,3,2308868090,92.38471274685816,94.27818181818184,94.70255319148936,94.0858695652174,95.80823529411764,95.789900990099,90.0827380952381,0.842,0.8625,0.605,0.8024074074074075,0.8024074074074072,0.980263364095742,0.963123714835184,0.9205697056273602,0.8552761148089717,True,0.72576625,0.87991675,0.8532124999999999,0.8613299999999999,0.621025,0.8650289741691068,https://huggingface.co/datasets/Alexasparis/sTCRdb/resolve/main/1ao7_3.pdb
1ao7,4,2308868090,92.38825852782765,94.35136363636364,94.7808510638298,94.2795652173913,95.87323529411763,95.84673267326733,89.6997619047619,0.8460000000000001,0.8625,0.602,0.8142307692307694,0.8142307692307693,0.9802632587738894,0.9614789491902228,0.9216047930610828,0.8526193265140785,True,0.7313215,0.8792,0.852665,0.86093025,0.623325,0.8629371925217978,https://huggingface.co/datasets/Alexasparis/sTCRdb/resolve/main/1ao7_4.pdb
1bd2,2,2509104240,92.8917759775666,88.36584905660376,93.43787234042556,88.60666666666667,91.3770588235294,90.10220930232558,94.56872881355932,0.8160000000000001,0.8175,0.463,0.7378378378378379,0.7378378378378377,0.9585721798049404,0.9480336741546268,0.8303606529403978,0.7412792976095292,True,0.61466125,0.8069575,0.79095625,0.8069575,0.4755,0.8682131432443909,https://huggingface.co/datasets/Alexasparis/sTCRdb/resolve/main/1bd2_2.pdb
1bd2,3,2509104240,92.85345848262968,88.37094339622641,93.2172340425532,87.59740740740743,92.16411764705882,89.78104651162792,93.951186440678,0.8140000000000001,0.8175,0.446,0.7584375,0.7584375000000001,0.9606087847893277,0.9495356769358048,0.8311609881077656,0.7355667224533978,True,0.60356125,0.8047657500000001,0.7892415,0.8047657500000001,0.47245,0.8668591561654231,https://huggingface.co/datasets/Alexasparis/sTCRdb/resolve/main/1bd2_3.pdb
1bd2,4,2509104240,92.6014799813055,87.95056603773585,92.48787234042553,86.75574074074073,91.12382352941177,89.59825581395347,93.60627118644068,0.806,0.8049999999999999,0.44,0.7550000000000001,0.755,0.9616391423244732,0.9507214347526818,0.8344803453044753,0.7397479860909858,True,0.59265775,0.792628,0.77562475,0.792628,0.46435,0.8583710943529813,https://huggingface.co/datasets/Alexasparis/sTCRdb/resolve/main/1bd2_4.pdb
1bd2,1,2509104240,92.77648699174328,88.34509433962265,93.2682978723404,87.78814814814812,92.04088235294118,89.8453488372093,94.1772881355932,0.812,0.815,0.476,0.7527272727272727,0.7527272727272726,0.9605330028810866,0.951184210823132,0.8345684989073421,0.7471371124040477,True,0.605945,0.8047145,0.78904575,0.8047145,0.47415,0.864982348085072,https://huggingface.co/datasets/Alexasparis/sTCRdb/resolve/main/1bd2_1.pdb
1bd2,0,2509104240,92.84299579373734,88.64283018867927,93.02787234042556,88.1633333333333,92.2679411764706,89.7989534883721,94.27737288135592,0.8140000000000001,0.8175,0.491,0.7678787878787878,0.7678787878787878,0.9612123474432714,0.951803370885356,0.8363058250838356,0.748574302163646,True,0.6133115,0.80755075,0.791266,0.80755075,0.475275,0.8663281622624404,https://huggingface.co/datasets/Alexasparis/sTCRdb/resolve/main/1bd2_0.pdb
1lp9,0,689098158,90.69089219330856,78.97714285714287,84.61695652173914,82.15916666666666,79.2159090909091,76.4762831858407,85.50306306306308,0.748,0.705,0.312,0.5613636363636364,0.5613636363636364,0.8212992831690076,0.6954607207650474,0.416332156300742,0.0933668513158109,True,0.427763,0.64820325,0.6201025,0.64629475,0.3329,0.8124803351210521,https://huggingface.co/datasets/Alexasparis/sTCRdb/resolve/main/1lp9_0.pdb
1lp9,1,689098158,90.65207868649318,78.16102040816327,84.4671739130435,81.71900000000001,79.24863636363636,75.30415929203542,85.21378378378377,0.748,0.7,0.331,0.5636363636363636,0.5636363636363636,0.8038419717622425,0.6883244300358308,0.3710576622701179,0.0861952468449428,True,0.41431775,0.64376225,0.6159907499999999,0.64178725,0.3234,0.8131195149515237,https://huggingface.co/datasets/Alexasparis/sTCRdb/resolve/main/1lp9_1.pdb
1lp9,3,689098158,90.87261771995044,79.54979591836734,84.7195652173913,82.52233333333331,79.80340909090908,78.72513274336282,85.84819819819818,0.746,0.7025,0.327,0.5468181818181818,0.5468181818181818,0.8176044308825776,0.7187143128634705,0.4090525998997503,0.1130528608339606,True,0.4271735,0.6515580000000001,0.6221795,0.64898425,0.334,0.8136951181022168,https://huggingface.co/datasets/Alexasparis/sTCRdb/resolve/main/1lp9_3.pdb
1lp9,4,689098158,90.50971964064436,74.58244897959183,83.76217391304348,80.04566666666666,79.12318181818182,76.85407079646018,83.96333333333335,0.724,0.6675,0.247,0.5705,0.5705,0.8056056320462709,0.6921050429699769,0.3650581441341286,0.0880549899094861,True,0.377942,0.613054,0.581977,0.6047199999999999,0.307725,0.7942221774275806,https://huggingface.co/datasets/Alexasparis/sTCRdb/resolve/main/1lp9_4.pdb
1lp9,2,689098158,90.564437732342,77.9761224489796,84.3663043478261,81.39849999999998,79.61931818181819,77.60300884955754,85.36684684684685,0.738,0.69,0.302,0.568780487804878,0.5687804878048781,0.8051070900577176,0.6869575088493504,0.3752889201417353,0.0885220974946763,True,0.405996,0.63416375,0.60520325,0.6306955,0.321125,0.8085202933179789,https://huggingface.co/datasets/Alexasparis/sTCRdb/resolve/main/1lp9_2.pdb
1g6r,4,1016822548,90.35128688010045,76.13285714285713,93.04261904761906,90.39476190476192,94.46972972972972,82.85358024691358,93.11661971830988,0.8099999999999999,0.8375,0.527,0.7589285714285714,0.7589285714285714,0.9518120482757888,0.9030575831434484,0.7835213135760831,0.5037725117951987,True,0.64676225,0.8350235,0.817665,0.83465325,0.4881,0.8743581373851842,https://huggingface.co/datasets/Alexasparis/sTCRdb/resolve/main/1g6r_4.pdb
1g6r,3,1016822548,90.34910232266164,73.12816326530611,92.9390476190476,90.31936507936508,94.46405405405406,82.2179012345679,93.02563380281693,0.8119999999999999,0.8375,0.516,0.7849090909090908,0.7849090909090907,0.9505164504965246,0.8988422729480485,0.7793032934053861,0.4805999417504712,True,0.6448935,0.83580225,0.818793,0.83494,0.486775,0.8762521010120392,https://huggingface.co/datasets/Alexasparis/sTCRdb/resolve/main/1g6r_3.pdb
1g6r,2,1016822548,90.85575430359935,70.53367346938775,92.97880952380952,90.92841269841271,94.93783783783783,82.47432098765432,92.75661971830986,0.8380000000000001,0.8575,0.524,0.7763265306122448,0.7763265306122449,0.9570628996104462,0.9053657033088496,0.8035562528545929,0.4837963417622714,True,0.67986925,0.8601825,0.845459,0.8601825,0.513625,0.8890679461863107,https://huggingface.co/datasets/Alexasparis/sTCRdb/resolve/main/1g6r_2.pdb
1g6r,0,1016822548,90.64752582159625,72.79367346938776,93.4759523809524,88.82730158730158,94.55972972972974,83.55172839506173,92.6819718309859,0.8320000000000001,0.85,0.524,0.7396491228070174,0.7396491228070174,0.9548393599223556,0.9081941891109564,0.7824753454933479,0.4869010254207626,True,0.6754487499999999,0.855349,0.8411145,0.8543015,0.511875,0.8906734526535841,https://huggingface.co/datasets/Alexasparis/sTCRdb/resolve/main/1g6r_0.pdb
1g6r,1,1016822548,90.27585216572504,75.77326530612245,92.94642857142856,90.2736507936508,94.26756756756755,81.42148148148148,93.03957746478874,0.808,0.8375,0.495,0.7542105263157893,0.7542105263157896,0.9480832945139306,0.8944834974885901,0.7705942308494984,0.469250093828195,True,0.640243,0.83405125,0.8168025,0.8335965000000001,0.48385,0.8733041503378259,https://huggingface.co/datasets/Alexasparis/sTCRdb/resolve/main/1g6r_1.pdb
1mwa,2,2637256959,91.13347361809043,85.52204081632655,94.45238095238096,93.07349206349208,95.1237837837838,89.47814814814814,95.08521126760564,0.8220000000000001,0.8525,0.579,0.8244827586206898,0.8244827586206898,0.9669506228028728,0.9403371719959296,0.8554100157461563,0.6844046182853222,True,0.68920025,0.85424625,0.8386137499999999,0.85424625,0.5137499999999999,0.8852530815233148,https://huggingface.co/datasets/Alexasparis/sTCRdb/resolve/main/1mwa_2.pdb
1mwa,3,2637256959,91.15820665829146,86.50714285714287,94.65666666666668,93.0173015873016,95.29594594594596,91.17049382716048,95.13985915492958,0.8240000000000001,0.855,0.591,0.8264406779661018,0.8264406779661018,0.970632866881678,0.9490666479420076,0.867136597682855,0.7266565048347446,True,0.69075975,0.85666425,0.84129925,0.85666425,0.51555,0.88531871842443,https://huggingface.co/datasets/Alexasparis/sTCRdb/resolve/main/1mwa_3.pdb
1mwa,4,2637256959,91.2293704979643,86.05122448979593,94.68857142857142,93.16761904761908,95.26675675675676,89.9237037037037,95.20619718309857,0.8320000000000001,0.86,0.582,0.8278947368421053,0.8278947368421053,0.9702925792690366,0.944773361960867,0.8673599215569062,0.704603411178616,True,0.70440525,0.8643745,0.85001775,0.8643745,0.52215,0.8913812471199098,https://huggingface.co/datasets/Alexasparis/sTCRdb/resolve/main/1mwa_4.pdb
1mwa,1,2637256959,91.16911681803946,85.01897959183674,94.48595238095238,92.88841269841272,95.10216216216216,89.06888888888888,94.89746478873238,0.828,0.855,0.57,0.8325423728813561,0.832542372881356,0.9663670122517608,0.9389892591405876,0.8517318180386274,0.6764610839229516,True,0.6930780000000001,0.85666375,0.841106,0.85666375,0.51415,0.8871031505694292,https://huggingface.co/datasets/Alexasparis/sTCRdb/resolve/main/1mwa_1.pdb
1mwa,0,2637256959,91.01367933417086,86.09367346938775,94.46023809523808,93.10015873015874,95.04729729729728,90.93469135802472,94.96028169014086,0.818,0.85,0.595,0.8137931034482759,0.8137931034482759,0.9698243117279438,0.9474512949036696,0.8629115395661705,0.7185617609776611,True,0.6848062500000001,0.8539875,0.838406,0.8539875,0.5105500000000001,0.8839556554305323,https://huggingface.co/datasets/Alexasparis/sTCRdb/resolve/main/1mwa_0.pdb
1oga,0,4263052827,92.54812872649444,89.07249999999999,95.74410256410258,92.11066666666666,93.31347826086956,87.61717948717948,93.73419047619048,0.828,0.8275,0.524,0.7404444444444445,0.7404444444444445,0.9501821233818613,0.9184085800014732,0.7830210204068694,0.6001128456617867,True,0.61168425,0.82418725,0.808425,0.82418725,0.4564,0.8881268632916368,https://huggingface.co/datasets/Alexasparis/sTCRdb/resolve/main/1oga_0.pdb
1oga,1,4263052827,92.7273536156551,89.2961111111111,95.83948717948718,91.6062222222222,93.40152173913044,92.65589743589742,94.6542857142857,0.828,0.83,0.566,0.8174418604651162,0.8174418604651162,0.960211933439281,0.9530581355559212,0.8361822740761047,0.7741758763209794,True,0.60812325,0.82028525,0.805097,0.82028525,0.460175,0.8846621869640149,https://huggingface.co/datasets/Alexasparis/sTCRdb/resolve/main/1oga_1.pdb
1oga,4,4263052827,92.64766090811804,89.0977777777778,95.99051282051282,92.50133333333332,93.69456521739129,87.59641025641025,94.2044761904762,0.8320000000000001,0.83,0.534,0.7289361702127659,0.7289361702127659,0.9542964277435436,0.9200808762906418,0.8097029203789184,0.6144320440287337,True,0.62546875,0.8287089999999999,0.8138237500000001,0.8287089999999999,0.4736249999999999,0.8934685710489159,https://huggingface.co/datasets/Alexasparis/sTCRdb/resolve/main/1oga_4.pdb
1oga,3,4263052827,92.70900932579116,89.20777777777776,95.87589743589744,91.714,93.43891304347824,90.2403846153846,94.08685714285711,0.828,0.8275,0.506,0.8309756097560974,0.8309756097560975,0.9573392328619742,0.9510684854916454,0.8033760915656936,0.7459230115355019,True,0.6055485,0.82006975,0.80498525,0.82006975,0.4558,0.8876198767954057,https://huggingface.co/datasets/Alexasparis/sTCRdb/resolve/main/1oga_3.pdb
1oga,2,4263052827,92.57719614737807,88.61833333333331,95.43846153846154,91.06511111111112,92.64608695652174,92.92576923076923,94.19809523809523,0.818,0.8200000000000001,0.558,0.7965909090909092,0.7965909090909092,0.9539412564336064,0.9444447088551704,0.8065341987529505,0.7310172671176108,True,0.58756025,0.8096225,0.792307,0.8096225,0.445725,0.8746544454787946,https://huggingface.co/datasets/Alexasparis/sTCRdb/resolve/main/1oga_2.pdb
1mi5,0,3016617022,91.37725564479469,85.55326923076925,94.04818181818182,85.25121212121212,92.6678431372549,83.33731343283581,93.14450980392157,0.842,0.845,0.471,0.5693181818181818,0.569318181818182,0.9113651465031024,0.8340507516720589,0.6256525465492387,0.2695638806686957,True,0.61684575,0.8376335,0.827966,0.8376335,0.4643,0.8949568757410606,https://huggingface.co/datasets/Alexasparis/sTCRdb/resolve/main/1mi5_0.pdb
1mi5,1,3016617022,91.12419760569784,85.16211538461538,93.3709090909091,84.85363636363635,91.93450980392156,82.69597014925374,92.76186274509804,0.8300000000000001,0.8325,0.425,0.7238888888888889,0.7238888888888889,0.9288874648619148,0.8793511443099952,0.6793542094456322,0.375741971054473,True,0.60846125,0.82258225,0.812513,0.82258225,0.453775,0.8866581593036096,https://huggingface.co/datasets/Alexasparis/sTCRdb/resolve/main/1mi5_1.pdb
1mi5,3,3016617022,91.4611213820276,86.35134615384617,93.83666666666667,86.11696969696969,92.43921568627452,84.33208955223881,93.25058823529412,0.8400000000000001,0.85,0.477,0.5908510638297872,0.5908510638297872,0.9182311619332816,0.8417448739304051,0.660298050235165,0.2729377244514354,True,0.65080475,0.84567975,0.8372695,0.84567975,0.475075,0.8974571024850874,https://huggingface.co/datasets/Alexasparis/sTCRdb/resolve/main/1mi5_3.pdb
1mi5,4,3016617022,91.11531444158206,86.16211538461539,93.6821212121212,85.09545454545454,92.15470588235294,85.17358208955224,92.90176470588234,0.8300000000000001,0.8325,0.447,0.6589743589743591,0.6589743589743591,0.9276607787314144,0.8723573454952833,0.6819277117650289,0.3608241546000835,True,0.616446,0.8238265,0.8141802499999999,0.8238265,0.4545,0.8866744453763579,https://huggingface.co/datasets/Alexasparis/sTCRdb/resolve/main/1mi5_4.pdb
1mi5,2,3016617022,91.04213517199577,85.77865384615384,93.72242424242424,85.77090909090907,92.28156862745098,83.19328358208956,92.7857843137255,0.8300000000000001,0.835,0.433,0.7787096774193548,0.7787096774193549,0.9503433882690566,0.9197827542212615,0.7473062407929696,0.5412895898783247,True,0.6201145,0.82878875,0.81853975,0.82878875,0.4554749999999999,0.889053631999137,https://huggingface.co/datasets/Alexasparis/sTCRdb/resolve/main/1mi5_2.pdb
